Winston Harding,Engsland Thuapostan,Republic of the Congo
Nimra Rayner,Thesoda,Somalia
Kris Ahmed,Meda Oftin,Costa Rica
Mysha Valencia,Nepu Sniamenri,Bhutan
Efe French,Bosouthgre,Togo
Liana Timms,Negui Nitednairepua Republic,Yemen
Juno Davidson,South Facos Nitedgeorda,Tokelau
Mike Bloom,Pustaswi,Cook Islands
Evie-May Tillman,Sricoast Ngare,Guernsey
Arham Holmes,Tiawan,Isle of Man
Theo Alexander,Pori Lavi Territories,South Sudan
Tyreese Blair,Blicbraland,Reunion
Antoni Everett,South Walestius Namna,Tonga
Rimsha Eastwood,Quaacan,Burkina Faso
Zayne Phan,North Britoslands,Pakistan
Bea Adkins,Medji,Mauritius
Jolyon East,Dane Frenchsansaint,Portugal
Macie Rangel,Gerle Niangosouth,Serbia
Jacque Connolly,Keelingmaslandsnia,Puerto Rico
Bethany Stokes,Bliczani Republic,Bolivia
Megan Bartlett,Hongking Naurusncipe,French Southern and Antarctic Lands
Samira Reyes,South Landbritish,Czech Republic
Afsana Maddox,Laphi Landngo,Philippines
Giulia Cox,Marmole,Gabon
Izabela Fitzpatrick,Isle of Mitzer Neathern,Swaziland
Marcel Easton,Guifolk Livei,Hong Kong
Rueben Garrison,Geni Dirab,Uruguay
Raife Campbell,Brumo Sarungo,Germany
Anastasia Carroll,Gomai,Brunei
Carrie-Ann Lowery,Namea,Mauritania
Kaila Hubbard,Guyaprus,Wallis and Futuna
Mandeep Hodge,Ifrench,Mexico
Aleeza Avery,North Quenga,Malawi
Sana Hewitt,Nteu Gasmallon,United States Minor Outlying Island
Leela Burn,Kittschitu,Anguilla
Maria Emery,Wayrwan,Tuvalu
Lulu Prosser,Fegrehu,Moldova
Eryn Walker,Honcostan,Qatar
Denis Horne,Berneri Republic,Turkmenistan
Abigayle Andrade,Coswalbara,Fiji
Ho Donnelly,Qamania,Trinidad and Tobago
Benn Vang,Francebya Firi,Greece
Paloma Xiong,Eastcamslandsli,Grenada
Ikra Lee,Saintmabia Republic,Faroe Islands
Yasemin Mercer,Zamtrea Beserstan,Ecuador
Norman Phelps,Tenrico,Syria
Kaelan Fuller,Vaganandtigia,United Kingdom
Jaimee Greaves,Canake,Romania
Sumaiyah Vaughan,Mogam,Uzbekistan
Aj Edmonds,Slandsnimailand,New Caledonia
Ernest Malone,Lebale,East Timor
Kiana Estrada,Blicand Ghaguernbabwe,Saint Barthelemy
Nicky Burton,Zerdos Rosba Territories,Rwanda
Ahmad Rogers,Cainikong,Bahrain
Connah Hughes,Xemtu Colizefu Republic,Tajikistan
Roland Avalos,Namyratnor,Nepal
Odin Abbott,Tanblic Tarland,Holy See
Mira Wyatt,Masmi Vismoria,Nicaragua
Jedd Hale,Anin,Namibia
Zohaib Chadwick,Ntino Northmacmo,Bangladesh
Kadeem Key,Umana,Sierra Leone
Kade Lees,Maki,Botswana
Monika Mclellan,Rafgha Belma,Estonia
Dafydd Grey,Neareana,Norway
Donnie Coleman,Rateswe,El Salvador
Derrick Chan,Bangdacaame,Jamaica
Aydin Monaghan,Verdepore,Virgin Islands (U.S.)
Nishat Hart,Striavane,Denmark
Lilith Livingston,Inablicbasu,Seychelles
Jaydn Mcarthur,Copuergerial,Georgia
Alix Guevara,Nifin Cudebia,Azerbaijan
Sameera Burris,Rychelles Puviania,Equatorial Guinea
Eren Liu,Neaho Gerigium,Maldives
Cherie Pineda,Stangreece,Suriname
Micheal Levine,Thema Lomslands,Christmas Island
Chloe-Ann Gale,Dannareai,Dominican Republic
Abigail Mcdonnell,Arstinee,San Marino
Bianca Puckett,Landko Uli,Democratic Republic of the Congo
T-Jay Saunders,Nade Zilcayla,Republic of Macedonia
Tamika Nelson,Tina Isles,Kenya
Peyton Strickland,Paly Slandsqueof,Japan
Hamaad Dawe,Siakoslorun,Morocco
Azeem Vasquez,Gyptcape Tarniuether,Turks and Caicos Islands
Frankie Duggan,Gagro Bardmi,Malta
Zeeshan Guerra,Herja Niage,Pitcairn Islands
Devon Pugh,Bocysouth,Senegal
Kelan Barnes,Taimayen,Comoros
Leticia Phillips,Landsguialiae,Afghanistan
Isabella-Rose Nicholson,Cuaslands,Israel
Jennie Hough,Dinesbougreen Island,Iceland
Nabeel Beil,Miblicide,Solomon Islands
Yasmeen Goodwin,Panni,Egypt
Nathaniel Orr,Ingkiand,Saint Vincent and the Grenadines
Aalia Zamora,Baislandsswe,Liberia
Precious Williams,Tae Dathern,Cyprus
Ciaran Busby,Scotlo Guania,Armenia
Ritik Hayden,Andmarva,Chad
Carson Macdonald,Caea,Zambia
Kaitlan Tucker,Christlis,Antigua and Barbuda
Aqeel Bellamy,Biara Nonloupexi,Peru
Bartlomiej Terrell,Landshong,Namibia
Abigail Frye,Acao Igi,Vanuatu
Aqib Mercer,Mycua Namlandntarc,Malaysia
Carys Ryan,Prushai Dorandru,Kenya
Katlyn Mora,Ntesofrancena,Tonga
Jamie Emery,Landna,Suriname
Leonard Sampson,Suprikiin,Botswana
Louise Terry,Fabu Sogro,Saint Kitts and Nevis
Kaitlin Carter,Iandguay,Hong Kong
Murray Roberts,Jinited Pumalau,Czech Republic
Caleb Short,Ninsegua,Somalia
Asad Sutherland,Sniasiapit,Poland
Bobbie Bostock,Ribo Tobohu,Barbados
Inayah Corrigan,Turun,Niue
Lorna Barnes,Ririal Landtu,England
Danielle Richard,Nemen Rystatesand,Cayman Islands
Roxie Richards,Belmau Maardiamas,Seychelles
Naomi Mcgill,Slandstilu,Portugal
Saffa Turner,Oly Dobra,Estonia
Cienna Johnson,Aqa Lisgojan,Germany
Kacey Solis,Reswigehetswa,Colombia
Levison Whitehouse,Guyadongo,Pakistan
Sophie-Louise Peters,Ozer Nasto,Saint Pierre and Miquelon
Arslan Needham,Fima Haxemdi,Haiti
Riccardo Rankin,Lasland,Panama
Hiba Burns,Ncipemi,French Southern and Antarctic Lands
Brooklyn Leech,Nine,Angola
Sasha Castillo,Ando,Lithuania
Allana Lynch,Cotic,Andorra
Samad Lindsey,Bulras,United Kingdom
Prince Page,Conau Island,Dominica
Virgil Finnegan,Coireblic Land,East Timor
Sorcha Wise,Gyptsland Crocean,Sao Tome and Principe
Libbie Barrow,Zbeway Faingye,Denmark
Kacy Gilliam,Newandrus,Mali
Sheldon Gaines,Lainormar,Switzerland
Saskia O'Sullivan,Bourgslands,Rwanda
Yasir Montes,Rkmere,American Samoa
Melody Maguire,Riacoast Eaststineja,Tajikistan
Zackery Tran,United Neama Monalands,Northern Mariana Islands
Eman Garrett,Matho,Netherlands
Neel Espinosa,North Dislandsri,Paraguay
Atlas Ellison,Oflaauia,Lesotho
Elen Broadhurst,New Launa,Myanmar
Arron Plant,Berstein Guiama,Argentina
Kaisha Muir,Kola Tannaland,Senegal
Faizan Rhodes,Gorafolk,Cameroon
Claudia Ballard,Beda Mayottemo,New Caledonia
Lilly-Mai Sutton,Temai Ithuata,Philippines
Tiya Vasquez,Guibang Vonorsint,Mauritania
Antoine Shaw,Liari Croaruu,Togo
Jevon Stott,Niagua,Yemen
Arian Ewing,Kuroejaiof Kingdom,Guam
Nicola Perry,Ie,Canada
Peyton Pearson,Lonloupeswa,South Georgia
Mahdi Patton,Tonea,Virgin Islands (British)
Tiana Munoz,Reaslandsniue,Aruba
Lex Cline,Punia Pualezea,Anguilla
Ronan Goulding,Iczech Visto,Puerto Rico
Portia Lowry,Lozil,Bangladesh
Nathan Estes,Weslandsand,Iran
Seamus Huerta,Thefrench Janginge,Iraq
Gabija Wilde,Ia,Bulgaria
Janet Mcconnell,Blicsland Kery,Turkey
Morgan Povey,Tustan Awal,Ivory Coast
Aiesha Dougherty,Ntibiaal,Tanzania
Fynn Forbes,Diailand,Mozambique
Millie Robins,Norca,Wales
Phillipa Frederick,Isle of Crathegreenrwan,Reunion
Norma Gonzalez,Kongpu Fghaho,Burkina Faso
Haleema Dowling,Bavir Umal,Kiribati
Dakota Kelley,Guinea Zamo,Djibouti
Clive Mccray,Treastare,Saint Martin
Adela Sanderson,Southa Moe,Guyana
Jadene Mccoy,Bosouth Ucanca,Jordan
Sherry Tucker,Costa Miland,Serbia
Cristiano Cresswell,Tiros,Egypt
Rhea Avalos,Phipui,North Korea
Mila-Rose Coulson,Ghamar Zemyancar,Gibraltar
Milton Burgess,Blicba Soustan,Kyrgyzstan
Debra Pace,Azi Cookgia,Guinea
Tayyib Stafford,Nisvalslands,Bahrain
Nicholas Noble,Stanna Queisda,Martinique
Lisa Duffy,Capechad Galni,Aland Islands
Aleksander Sandoval,Seymoa Depo,Venezuela
Bianka Lutz,Southern Tralkhstan,Lebanon
Nazifa Holt,Lune Boliekeelingstan,Chad
Gage Wang,Cocoranorof,Falkland Islands
Whitney Shea,Slandsdian Ldivesbale,Grenada
Eesa Pritchard,Niaque,Costa Rica
Arwen Pittman,Nenga,Laos
Ravinder Lister,Lilaylaos,Bonaire
Mehmet Roche,Salleonei,The Bahamas
Finn Duarte,Stanthaiguayvi,Sierra Leone
Donnell Prentice,Slobralla,Morocco
Roseanne Graham,Dombar,Republic of Kosovo
Amba Greer,Tagualand,Zambia
Jolene Robertson,Ere Machiia,New Zealand
Faizah Lara,Poni,Slovakia
Uma Buxton,Chtenru Lomchrist,Russia
Scarlett Hicks,Alpia Namari,Spain
Akbar Wagner,Coscoast Ninnitedzil,Kyrgyzstan
Kaci Hills,Biabiadia,Russia
Russell Pace,Nari Norna,Aland Islands
Jana Arias,Carnamobardye,Slovakia
Braxton Macgregor,Blicland Chiquemyan,Pitcairn Islands
Drake Cox,Kitish Vacairnu,Angola
Danika Sandoval,Sanbia,Haiti
Giacomo Thomson,Masarthai,The Bahamas
Arwel Oneil,Huslands Brua,Botswana
Qasim Sykes,Gonea,Cape Verde
Kit Dunlop,North Gafri,United Arab Emirates
Tania Begum,Matar,Ghana
Bob Hobbs,Fivicy,Gabon
Enoch East,Laoflecaostein,Indonesia
Geraint Guest,Topo Rawire,Qatar
Menna Watts,United Mava Cayri,Republic of Macedonia
Gracie-Leigh Lu,Blici Ntarcdelia,Malaysia
Carlos Everett,Imar Dorge,Kuwait
Oliwier Barrow,Landspa,Afghanistan
Noa Jacobs,Leoneout,Chad
Leticia North,Encipe,Jersey
Shoaib Church,Sieredia,Scotland
Elysia Delaney,Verdecape Nidinia,Syria
Weronika Whiteley,Central Tegium Ofsa,East Timor
Teegan Prince,Pinesgia,Svalbard and Jan Mayen
Kanye Dyer,Puu,Peru
Steffan Frost,Ratedmo Bialoupetri,Senegal
Glenn Montes,Central Sialand Waitada,Sri Lanka
Ayva Bravo,Southern Najan Moabra,Malawi
Paloma Irving,Chellesand Purenga,French Polynesia
Serena Young,Rinua Bermenor,Central African Republic
Pascal Byrd,Guyako,Democratic Republic of the Congo
Tomas Gray,Anthuane,Serbia
Keanan Humphries,Walguam Guaguani,India
Primrose Weber,Riante,Saudi Arabia
Nathanial Molloy,Lancentnamslandspua,Saint Martin
Donell Amos,Republic of Honsiatome,Mozambique
Micah Stewart,Resnialukhstan,United States Minor Outlying Island
Trinity Charles,Wenei Buslandsto,Jamaica
Cecelia Perry,Ildo Prustibar,Bahrain
Masuma Dupont,Pudan Cothesaintstan,Sint Maarten
Elly Wiley,North Nagreen Nairevonia,Somalia
Claudia Banks,Nefri Caice,Iraq
Amos Swanson,Pierredian,Israel
Dru Barr,Laosand Sure,Burundi
Aamna Moss,Ulau Sepe,Cambodia
Levi Schaefer,Kithe,Iceland
Lillian Farley,Andu Babweu,Bosnia and Herzegovina
Anabella Mccann,South Colacamgy,Papua New Guinea
Miya Cortez,Ranfgha Deshma,Nicaragua
Chad Rutledge,Landso Ofca,Myanmar
Ismael Pierce,Isle of Biae Bamayotte,Malta
Mert Terry,Reango Chtennariastan,Virgin Islands (U.S.)
Amy-Leigh Flores,Therntenstan,Algeria
Zaine Lin,Costa Biarial Ruslandsva,Tokelau
April Jeffery,Narimily Kingdom,Cuba
Ksawery Cano,Eastern Riliamar,Panama
Kyla Costa,Guasouthchad,Latvia
Findlay Joyner,Masouth Isru,Guam
Joyce Piper,Queba Caburia,Saint Barthelemy
Elin Salt,Nei Guernzstan,Dominican Republic
Rhydian Rasmussen,Rdana Arkyr,Eritrea
Arfa Schmitt,Slandsscot,Uganda
Holly Hunter,Southern Faimo,Turkmenistan
Abdurrahman Powell,Ibedom,Marshall Islands
Jaspal Walter,Maame,Djibouti
Jaya Park,Rawayin,Gibraltar
Ali Frame,Slandra Lklanddagan,South Sudan
Matias Haney,Stangango,New Caledonia
Trixie Curtis,South Jacro,Pakistan
Koby Escobar,Landfolkmark,Monaco
Yaqub Wolf,Kugalslandsslandbul,Estonia
Abdur Suarez,Luau Chirael,South Africa
Nishat Newton,Sythern Republic,Trinidad and Tobago
Jayce Huffman,Zerzea Kithio,Zambia
Nichola Ventura,Innon Niasoblic,Puerto Rico
Hawwa Ballard,Niueswirwandenname,Greece
Arbaaz Elliott,Southadimasstra,Tunisia
Ayana Mathis,Axi Viaca,Mongolia
Scarlett-Rose Mcmahon,Andcan Seyca,Saint Lucia
Pamela Ochoa,Cobang,Yemen
Haroon Dalby,Loel,Belarus
Marwah Alston,Supu Kongland,Hong Kong
Idris Wyatt,Engbralso,Sierra Leone
Zoe Whitaker,Kingher Ryropa,Denmark
Montgomery Dillard,Doni,Bhutan
Kajol Campbell,Cori Lomrus,Holy See
Oriana Ponce,Dordines Shallthesu,Seychelles
Ted Mair,Aand Tagal,Comoros
Acacia Macdonald,Finlon Tunani,Paraguay
Jadene Hull,Vine Nianiasia,Isle of Man
Lyndon Tanner,Roonri Lands,Aruba
Shanai Wilks,Inaslandsge,Equatorial Guinea
Asher Blackwell,Andli Slosouth,Mayotte
Natalie Legge,Zimpumau,Montserrat
Hawa Foster,Laingra,Grenada
Aniya Donnelly,Kirki Cori,United States
Ronan Muir,Vada Tubanea,Andorra
Safiyah Stephens,Slandratthe,Venezuela
Hester Maguire,Tumai Kingdom,Costa Rica
Calista Lambert,Carguia Vamato,Puerto Rico
Riaz Cannon,Norbar,Liberia
Mylah Lowe,Ninala,Israel
Dale Watson,Frenchnialand,Wales
Conah Grainger,Landsiani,South Sudan
Santiago Skinner,Liasland,Cape Verde
Kayden Norman,Sanand Chellesnenew,Turkmenistan
Tamara Sutton,Andpoa,East Timor
Taliyah Gibbs,Nizilfarosja Island,Swaziland
Mariella Harrington,New Neaso Soanfrench,South Georgia
Nellie Snider,Dituel,Hungary
Braden Reeves,Mayenbarusaolis,Austria
Darcie Lott,Punewko,England
Melissa Campos,Saintmanon,Belize
Rhydian Dean,Icoastslandsmingo,Serbia
Derrick Hendrix,Imaaubabu,Haiti
Conner Stamp,Cookcan,Yemen
Jayden-Lee Smith,Chilahrainlay,Reunion
Lani Duncan,Raal Niarne,Venezuela
Aneesha Craft,Biasoeast,Liechtenstein
Jasleen Ellwood,Isau,France
Myla Compton,Puquacua,Northern Mariana Islands
Iain Williams,Tuland Nenorthzi,Eritrea
Sean Powell,Frigia,Nauru
Octavia Ho,Jeva Barso,United States
Fabio Trujillo,Western Gawalesi,Cuba
Sumaiyah Broughton,Kyrta Greti,San Marino
Heena Esparza,Lerkme,Bolivia
Fenella Best,Niteda,Jamaica
Mina Boyce,Zeqafe,Colombia
Jazmyn Irving,Fufolk,Dominica
Ryder Bowman,Manenakeelingstan,Lebanon
Naomi Weeks,Giumin Macczechra,Ghana
Sonia Michael,Vibe Terbeleone,Brunei
Zakariyah Mccormack,Tuthe Nasaint,Mongolia
Edwin Garner,North Raeldago,Syria
Franky Watt,Niara,Sint Maarten
Milla Phillips,Poma Land,Tokelau
Darci Colley,Southern Monhasnia,Monaco
Melody Whitworth,Ginreduguern,Saint Vincent and the Grenadines
Afsana Hyde,Eastern Ibel,British Indian Ocean Territory
Colleen Ridley,Tiaco Revietsey,Tuvalu
Blanche Edwards,New Heland Guicape,Republic of the Congo
Chelsie Redfern,Naria Riboto,Martinique
Roza Gill,Honzam,Aruba
Humaira Burks,Banami,United States Minor Outlying Island
Chanel Valdez,Tinslands,Mayotte
Dion Mcclain,Nehu Puerima,Croatia
Tala Golden,Altzer Leji,Iran
Zakariya Chamberlain,Mayottepit Tilandngo,Laos
Guto Hancock,Lulenia,Christmas Island
Trystan Flynn,Maurki Bralvafa,Tonga
Mikaeel Knowles,Saintsier Island,Somalia
Lily-Mae Wiley,Ruger Serkitts,French Guiana
Mazie Povey,Walbu,Bhutan
Tasha Blundell,Hanka Caytho,South Korea
Zhane Weber,Edia,Zambia
Blaine Crossley,Cou Maarnesa,Mexico
Ava Bullock,Therngosougypta Lands,Paraguay
Billy-Joe Buckley,Riandmar,Svalbard and Jan Mayen
Maja Li,Greecekhstan Landco,Turkey
Lillie-May England,Naof Stanmetvia,Myanmar
Eamonn Mack,Slandoflaswiswe,Gibraltar
Loretta Metcalfe,Xibiaco,Bulgaria
Mack Mayo,Kophi,New Caledonia
Trixie Salt,Gobri Rywi,El Salvador
Martin Frost,Landsden Mortostan,Montenegro
Serenity Bob,Costa Abo Socona,Russia
Letitia Arnold,Masia Panfrance,Jordan
Mariyam Finney,Blicanddeshand,Italy
Constance Barajas,Siato Reofncent,Dominican Republic
Shamas Booker,Guyalandsroon,Republic of Macedonia
Kajus Enriquez,United Rabnga Cudetan,Wallis and Futuna
Harper Beard,Frina Christie,Scotland
Tiago Kay,Greenrdanrated,Oman
Jay Chandler,Paseestates,Senegal
Brennan Haynes,Rantswadom,Albania
Edie Snyder,Manca Slandsco,Switzerland
Hamaad Holt,Faland Guaylistan,Samoa
Nikkita Monroe,Thaigabu,Malawi
Haseeb Oakley,Boniari,Ukraine
Ptolemy Chan,Topee,South Africa
Ned Vaughn,Andgui Ofinbia,Bosnia and Herzegovina
Buddy Bowers,Western Landdiairwan,Belarus
Nial Haas,Igan Mose,Honduras
Cassie Stephenson,Are,Panama
Giselle Davenport,Joi Zstanand,Bermuda
Xanthe Rhodes,Roce Tibake,Malaysia
Maksymilian Paine,Rerialria Lands,Angola
Dominique Hines,Pade,Andorra
Aamir Barnard,Rseynea Crabhusouthia,Ecuador
Aayan Krueger,Vecam Slandsguachten,Pakistan
Bobbi Franco,Turiniaa,Virgin Islands (U.S.)
Ellesha Vinson,Lauque Cantazue,Barbados
Sammy Velasquez,Cain Umy,Poland
Evie-Rose Kirby,Puami,Equatorial Guinea
Kiaan Ortiz,South Dama,Singapore
Nate Parrish,Namezeatitarli,Western Sahara
Marlie Conway,Stojanewmi,Indonesia
Gracie-Mai Howells,Cookthernblicdo,Northern Ireland
Valentina Barker,Andtudomhonni Lands,Albania
Stanley Flynn,Mortama Territories,Laos
Miyah Sears,Mashai Paruly,Tokelau
Archer Hall,Valece,Turks and Caicos Islands
Autumn Page,Questaneabu,Scotland
Harlen Bowen,Slandsblicchtente,Moldova
Mikail O'Quinn,Cardan,Cambodia
Manpreet Cabrera,Beelay,Norfolk Island
Kamila Carey,Narwan Mymau,Paraguay
Lillie-Mai Houghton,Qabo Ratherpu,Fiji
Hadi Serrano,United Marla Nedorlie,Federated States of Micronesia
Adina Corona,Jethiopaduji,Angola
Montague Marin,Coslandkeelingto,Western Sahara
Fahmida Fowler,Niasouthlianislo,Norway
Maison Choi,Mode Barmapua,Faroe Islands
Garin Gross,Catreatswa,Sint Maarten
Gianni Kelley,Sumayotte Age,Finland
Monika Hayden,Racyatar,Isle of Man
Bonita Deleon,Kicasey,British Indian Ocean Territory
Kiefer Merritt,Niare Kingdom,Australia
Chanelle Piper,Niaslandszerland,Greece
Tomas Hamer,Biado Alana,Reunion
Martyn Gilbert,Mavimaar Kingdom,Panama
Lily-Grace Rangel,Niaefin,Malta
Jill Mcarthur,Rusitherncenda,Saudi Arabia
Eoin Malone,Cairnechiway Republic,Kyrgyzstan
Charlene Stewart,Regeorthe,Cuba
Sadiyah Russo,Costa Frisiarilomber,Hungary
Jeanne Greer,Usouth Nekrainesnia,Mauritania
Tomi Albert,Offrench Isto,Wales
Mehmet Alcock,Vidia Pobiato,Belgium
Juno Davie,Naterpu,Wallis and Futuna
Fateh Boyce,Tapa,Seychelles
Merlin Jennings,Poi Reque,Serbia
Tamsin Gutierrez,Manofco,Qatar
Suzanna Yang,Landru Striabou,Indonesia
Harvir Contreras,Tviaraqof,Israel
Zachary Cardenas,Quaghawe,Macau
Jana Burn,Southern Kimo Fghagyptse,Togo
Lacie Fletcher,Neirusi,Virgin Islands (U.S.)
Aishah Workman,Nameri Adi,Lebanon
Malaki Velazquez,Lostoninand,Anguilla
Vikki Guerra,Nkaly Zesoune,France
Nichola Kidd,Landry Guasride,Sierra Leone
Carwyn Leonard,Markpia,Bahrain
Eisa Mercado,Tiusry,Greenland
Ashley Carty,Costa Lejaly,Lesotho
Tasmin Sexton,Salpu Archelles,Suriname
Kira Halliday,Zilki,Guatemala
Brook Naylor,Aupadorlize,Bhutan
Isadora Castro,Nana,Aland Islands
Wilf Cherry,Ldoland Guimi,Oman
Rizwan Paterson,Halands Nialandblic,Czech Republic
Aislinn Buxton,Kezimba,The Gambia
Alfie Johnston,Eastern Ngachad Ridamas,Croatia
Richie Hanson,Ipierre Carnaire,Venezuela
Pixie Gordon,Bua Winiaguernstan,Belarus
Yaseen Field,New Landsrea,Luxembourg
Ruth Hansen,Canhu Kyrwales,Jersey
Henley Maxwell,Moand Tire,South Georgia
Salim Nichols,Ticdines Andi Republic,Saint Lucia
Mercy Sims,Ntarcslandsle,Liechtenstein
Henrietta Leon,Guazi Waitcango,Austria
Dillan Craig,Ginpu,Saint Barthelemy
Corrina Perry,Ilau Siania,Colombia
Athena Walmsley,Mairatrancipe,United States
Kaydon Good,Ofbene,Puerto Rico
Shona Cowan,Czechroc Kingdom,Papua New Guinea
Graeme Frederick,Hraindeporbhuia,Egypt
Hasan Povey,Koe Lamu,Comoros
Mirza Duke,Guadad,United Arab Emirates
Sabah Perez,Gasaleonena,Canada
Georgie Moyer,North Pascot,Uzbekistan
Dulcie Valentine,Brasouthar,Guinea
Eric Millar,Amegan Landland,Turkmenistan
Lauren Savage,Gamve,Cameroon
Brendan Burks,Northern Rabnited,Bonaire
Frederick Robson,Sintvaland,Bosnia and Herzegovina
Gloria Pitts,Ngocayfe,Kiribati
Brittany Vinson,Barkitts Monbabwe,The Bahamas
Jaeden Rosales,Oleking,Ethiopia
Usmaan Dixon,Deshsakocole,Uruguay
Rayhaan Foley,Loupeii,Guyana
Andre Salter,Slandsli Ticaime,Cocos (Keeling) Islands
Bret Lugo,Ifuti,Tuvalu
Constance Buck,Slandstigyland,Pitcairn Islands
Kyla Meyer,Theba Republic,Zambia
Jamal Steele,Isle of Ridian Punte,Nauru
August Whitley,Ratesthua Ihecos,Holy See
Rhiann Macgregor,Aso Stannga Territories,Chad
Zayna Simpson,Toguicia,Palestine
Eliot Greaves,Rianua,San Marino
Clayton Glenn,Norbis Dorli,Bolivia
Reese Burrows,Swida Auwanman,Portugal
Mohammed Cunningham,Babia,Spain
Ryan Denton,Monited Tuntserlu,Gibraltar
Cydney Bell,Sabourg,Iraq
Rosemarie Haines,Nimager,Sweden
Giorgio Mcgill,Andbia Roenitedrial,Falkland Islands
